imageArea,executionTime
3540,0.29081
3540,0.293717
3540,0.29079
7965,0.909078
7965,0.908366
7965,0.915639
14160,2.39765
14160,2.34748
14160,2.38164
22125,4.18569
22125,4.17048
22125,4.22925
31860,7.33788
31860,7.28627
31860,7.29356
43365,11.2492
43365,11.2988
43365,11.2767
56640,17.1092
56640,17.1758
56640,17.3672
